{"cameraMode":{"drawMode":0,"name":"Shaded","section":"Shading Mode"},"sceneLighting":true,"audioPlay":false,"sceneViewState":{"m_AlwaysRefresh":false,"showFog":true,"showSkybox":true,"showFlares":true,"showImageEffects":true,"showParticleSystems":true,"showVisualEffectGraphs":true,"m_FxEnabled":true},"in2DMode":false,"pivot":{"x":11.326061248779297,"y":-2.283175230026245,"z":4.461400032043457},"rotation":{"x":0.1378328949213028,"y":0.41686898469924929,"z":-0.06370473653078079,"w":0.8964425921440125},"size":10.449999809265137,"orthographic":false}